source_roi,target_roi,empirical_information_drop
12,11,0.04516486078500748
5,11,0.011218728497624397
13,11,0.010215130634605885
17,13,0.00718335248529911
12,5,0.0070151095278561115
13,17,0.006439757067710161
11,5,0.0062762717716395855
15,17,0.005477460101246834
12,13,0.004651309922337532
17,15,0.004620238672941923
14,11,0.004394238349050283
15,11,0.004170868080109358
3,11,0.0033748724963515997
15,18,0.0033539170399308205
8,15,0.0033306998666375875
15,2,0.003217450575903058
17,11,0.003142262576147914
9,5,0.00304618407972157
13,18,0.0030319143552333117
9,11,0.003003195859491825
15,14,0.002994631649926305
11,1,0.002987020183354616
13,3,0.0029758729506284
12,15,0.0029002600349485874
12,17,0.002643317449837923
17,3,0.00257838680408895
17,12,0.0024618019815534353
9,13,0.00243077939376235
17,1,0.0022896844893693924
12,14,0.0021781923715025187
5,16,0.002162419492378831
17,14,0.0021045091561973095
15,5,0.0020708078518509865
0,15,0.0020587777253240347
3,13,0.001984884263947606
14,15,0.0019727861508727074
3,1,0.001963091315701604
5,8,0.0017665899358689785
0,5,0.0017000429797917604
11,3,0.0016883468488231301
18,15,0.0016590615268796682
14,17,0.0015754553023725748
4,15,0.0015540525782853365
18,9,0.0014336701715365052
11,8,0.001405462040565908
6,5,0.0013910119887441397
0,6,0.0013757786946371198
18,13,0.0013479171320796013
5,17,0.0013439019676297903
17,4,0.0013254916993901134
7,12,0.001305885729379952
6,15,0.0012970055686309934
18,5,0.0012496287235990167
11,16,0.00123075011651963
16,11,0.001196004101075232
17,5,0.0011887396685779095
9,17,0.0011495836079120636
0,13,0.0011166866170242429
6,2,0.0011165413307026029
4,1,0.001112161437049508
9,3,0.00107489712536335
1,0,0.0010616614017635584
9,10,0.001053952961228788
3,9,0.0010456875897943974
0,14,0.001016585505567491
5,3,0.0010137282079085708
6,1,0.000973603455349803
5,6,0.000964739709161222
9,8,0.0009356512455269694
11,6,0.0009185211965814233
13,0,0.0008631975506432354
4,9,0.0008593490929342806
17,6,0.0008508097380399704
0,11,0.0008240124443545938
10,2,0.0008045246358960867
14,12,0.0007891562418080866
8,9,0.0007772477110847831
6,16,0.000774207292124629
1,5,0.0007715435931459069
6,7,0.0007696818793192506
17,16,0.0007695858948864043
14,1,0.0007530301809310913
12,1,0.0007070547435432673
5,1,0.0006992851267568767
10,15,0.0006745688151568174
7,16,0.0006710249581374228
10,18,0.0006705014384351671
0,4,0.0006658678175881505
12,4,0.0006643533706665039
14,6,0.0006580468034371734
1,18,0.0006547945667989552
11,13,0.0006277361535467207
11,14,0.000624041014816612
7,5,0.0006179308984428644
11,2,0.0006135914591141045
13,1,0.0005736559396609664
7,14,0.0005565624451264739
1,9,0.000553980702534318
18,6,0.0005509786424227059
4,13,0.0005377523484639823
4,12,0.0005362706142477691
9,12,0.0005337863694876432
16,4,0.0005182092427276075
10,12,0.0005174880498088896
4,11,0.0004956174525432289
14,5,0.0004936225013807416
0,8,0.00048343147500418127
16,10,0.00047420107875950634
0,9,0.0004702748265117407
2,5,0.00046025338815525174
14,3,0.0004564837727230042
1,8,0.0004359481390565634
3,8,0.00040388762135989964
18,1,0.0004011125420220196
5,12,0.0003997202147729695
1,3,0.0003803923027589917
3,17,0.0003724129928741604
17,10,0.0003627136757131666
4,0,0.00035976371145807207
13,12,0.000359422730980441
10,1,0.00035143710556440055
2,16,0.00033424163120798767
4,16,0.0003334065550006926
6,4,0.0003259566146880388
6,18,0.0003233087481930852
16,14,0.00029775864095427096
16,6,0.0002876841463148594
10,13,0.0002679378667380661
18,3,0.000265901762759313
11,18,0.0002637042780406773
9,15,0.00024453294463455677
2,17,0.00024373194901272655
7,1,0.0002394393814029172
2,9,0.00020907633006572723
16,12,0.00020224665058776736
9,4,0.0001929496938828379
16,5,0.00018344924319535494
4,14,0.0001812847622204572
6,14,0.0001710961078060791
1,15,0.00013771309750154614
4,8,0.00013100971409585327
2,18,0.00013067101826891303
16,15,0.00012764069833792746
1,10,0.00011938565148739144
1,16,0.00011453509068815038
0,3,0.00010483756341272965
13,5,0.00010105109686264768
16,18,8.254477143054828e-05
10,9,5.759966734331101e-05
10,5,5.5518965382361785e-05
3,12,3.527017179294489e-05
18,10,3.4430227970005944e-05
13,14,3.261300298618153e-05
2,6,2.954876072180923e-05
11,10,2.4224878870882094e-05
5,18,2.1965332052786835e-05
5,4,2.027285154326819e-05
12,9,1.3779483197140507e-05
14,4,8.614939360995777e-06
15,1,7.822084626241121e-06
16,3,2.093327566399239e-06
17,8,-2.5884482965921052e-05
3,0,-3.9334234315901995e-05
8,16,-4.8521877033635974e-05
13,9,-7.487089169444516e-05
3,10,-9.392220090376213e-05
5,7,-0.00011326137610012665
4,10,-0.00011850491137010977
9,14,-0.00013333135575521737
16,1,-0.0001416142040397972
3,7,-0.00014973373617976904
6,12,-0.00015847272879909724
17,7,-0.00016200232494156808
13,16,-0.00017742683121468872
14,0,-0.0001808126544347033
7,8,-0.00018150733376387507
0,2,-0.00018406407616566867
13,4,-0.00019232812337577343
3,5,-0.00020448907162062824
2,12,-0.00020824444072786719
0,1,-0.00021082452440168709
10,4,-0.000233154947636649
14,8,-0.00023931120813358575
4,18,-0.0002474387874826789
1,4,-0.0002577077248133719
2,1,-0.00026261687162332237
3,15,-0.00026367479586042464
0,18,-0.0002670197281986475
15,6,-0.00027057380066253245
17,2,-0.00027146752108819783
7,9,-0.0002786899567581713
8,18,-0.0002798281784635037
18,4,-0.0002831127494573593
13,6,-0.00028835743432864547
5,10,-0.00028885179199278355
18,8,-0.00029326524236239493
10,11,-0.0002954326628241688
14,10,-0.00029566255398094654
5,14,-0.0003018745337612927
2,10,-0.0003076657885685563
4,3,-0.0003319721727166325
2,0,-0.00033730408176779747
9,16,-0.00034197213244624436
12,18,-0.00034296928788535297
3,6,-0.000349444046150893
4,6,-0.00035707399365492165
2,15,-0.00036566000198945403
7,18,-0.00037204622640274465
16,8,-0.000372662820154801
1,14,-0.00038037935155443847
12,10,-0.00038412745925597847
8,1,-0.0004023214860353619
7,4,-0.0004046263638883829
18,0,-0.00040586042450740933
16,9,-0.00042003451380878687
6,8,-0.0004256502434145659
4,17,-0.0004274581733625382
4,7,-0.00042867331649176776
6,10,-0.0004291617660783231
15,4,-0.0004704312013927847
8,3,-0.00047406298108398914
10,6,-0.0004782525938935578
1,13,-0.0004823094350285828
16,13,-0.0004936826881021261
13,8,-0.0004972785827703774
5,2,-0.0005038913222961128
2,8,-0.0005059959948994219
2,7,-0.000514004728756845
8,6,-0.0005145426839590073
7,2,-0.0005202330066822469
11,4,-0.0005332333385013044
7,15,-0.0005408486467786133
13,7,-0.0005423340480774641
10,3,-0.0005444365669973195
16,0,-0.0005464741261675954
10,14,-0.0005592703819274902
5,15,-0.000563791545573622
6,3,-0.000567515438888222
18,12,-0.0005792870069853961
7,10,-0.0005985962925478816
16,17,-0.0006009984645061195
8,4,-0.0006060774903744459
15,0,-0.0006189846899360418
9,1,-0.0006325513822957873
1,2,-0.0006462689489126205
4,2,-0.000649535097181797
18,14,-0.0006604290683753788
3,2,-0.0006708411383442581
7,3,-0.000686727580614388
6,9,-0.0007032209541648626
11,15,-0.0007131733000278473
15,16,-0.0007276107207871974
11,9,-0.0007290070061571896
14,7,-0.000756262568756938
12,8,-0.0007800740422680974
8,14,-0.0007859457400627434
9,7,-0.0007898312178440392
2,4,-0.0007982209208421409
10,16,-0.0008200517622753978
15,13,-0.0008234840934164822
4,5,-0.0008328559924848378
7,0,-0.0008376433397643268
17,9,-0.0008389876456931233
15,12,-0.0008459465461783111
2,14,-0.0008552806102670729
3,4,-0.0008779973140917718
3,18,-0.0008841035887598991
15,8,-0.0009119959431700408
18,2,-0.0009120262693613768
0,10,-0.0009428997873328626
0,12,-0.0009475373080931604
14,2,-0.0009714346961118281
8,5,-0.0009722704999148846
8,2,-0.00099026074167341
2,13,-0.0009966306388378143
10,8,-0.0010005939984694123
5,13,-0.0010028347605839372
9,18,-0.0010440744226798415
12,6,-0.0010441902559250593
16,7,-0.0010445683728903532
10,17,-0.0010454511502757668
1,6,-0.001074606436304748
0,7,-0.0010794887784868479
8,12,-0.001080167363397777
10,7,-0.0010968295391649008
9,0,-0.0011308060493320227
7,13,-0.0011690123938024044
15,9,-0.001187911257147789
11,0,-0.00120231241453439
6,0,-0.0012117918813601136
8,10,-0.0012587526580318809
12,3,-0.0013062776997685432
5,9,-0.0013129976578056812
3,14,-0.0013665341539308429
12,2,-0.0013736418914049864
15,10,-0.0014149917988106608
12,7,-0.0014515911461785436
14,18,-0.0014577459078282118
6,17,-0.0014683601912111044
1,12,-0.0014871183084324002
9,2,-0.0015078121796250343
9,6,-0.0015361937694251537
17,0,-0.0015663596568629146
2,11,-0.0015673309098929167
2,3,-0.0015757454093545675
16,2,-0.0015956445131450891
14,9,-0.0016421298496425152
1,11,-0.0016475673764944077
18,7,-0.0016498853219673038
18,16,-0.0016983906971290708
15,3,-0.00173425383400172
8,0,-0.0017606945475563407
0,17,-0.0018690329743549228
7,17,-0.0018723156535997987
13,2,-0.0018896948313340545
13,10,-0.0019357408164069057
10,0,-0.0019420386524870992
11,7,-0.001952364225871861
1,17,-0.0019696427043527365
7,6,-0.0021116365678608418
11,12,-0.002146997256204486
13,15,-0.0022686475422233343
6,13,-0.002336907433345914
6,11,-0.0023999828845262527
5,0,-0.0025019573513418436
11,17,-0.0025736342649906874
15,7,-0.0026312661357223988
8,11,-0.0026390079874545336
0,16,-0.0027745761908590794
12,0,-0.0028384970501065254
8,17,-0.0028835576958954334
8,13,-0.0033080480061471462
17,18,-0.003350837156176567
7,11,-0.0034000372979789972
14,13,-0.003460915060713887
18,17,-0.003557623829692602
1,7,-0.0037975613959133625
3,16,-0.00397525355219841
12,16,-0.0041702608577907085
8,7,-0.0050683459267020226
18,11,-0.005321368109434843
14,16,-0.006221514195203781
