source_roi,target_roi,empirical_mi_drop
12,11,0.054996763137239446
13,11,0.014357045960772807
5,11,0.010640532524377244
13,17,0.006396757740998904
11,5,0.0059854438208818694
12,5,0.0059276890039687835
15,17,0.005021379160503298
17,13,0.004984766112276606
14,11,0.004762693720437472
3,11,0.004647929504298598
15,11,0.004404289521372284
12,17,0.0036699223856650753
12,13,0.0033473638720504795
9,11,0.0030978521527519343
3,13,0.0027856902284345564
5,17,0.002553441430047765
17,12,0.0023264988572731515
9,17,0.002263461565704006
15,14,0.002202420580172171
13,3,0.0019306291414328824
14,17,0.0019293861579349758
17,15,0.0018497349336450974
5,8,0.001747848404457436
13,1,0.0017308400861326678
12,14,0.0016119571019139745
12,15,0.0015940613825119465
3,17,0.0014284016071808847
15,2,0.00142238453510532
9,5,0.0012970740697422767
17,3,0.0012244556672905138
15,5,0.001187703671202911
17,11,0.0011598688297649318
9,13,0.0011346762846442537
13,18,0.001051346464189029
3,12,0.0010141534094992855
11,1,0.0009583444842679034
11,13,0.0008548166682336156
14,1,0.0007802715247319791
18,13,0.0007656050924744195
17,14,0.000717662113627171
17,2,0.0007036279800972656
15,18,0.0007020711684336822
7,12,0.0006620202133305053
1,5,0.0006340382421821944
11,14,0.0006328045775804148
7,10,0.0006177491699526916
11,3,0.0006168083240690736
18,4,0.0005985110068698202
6,12,0.000592638714629723
14,12,0.0005471624322139768
15,12,0.0004992679826599233
3,8,0.0004910905884904573
11,8,0.00045914875521523013
7,17,0.00043861660775884603
13,4,0.00041198666129725614
0,12,0.00040488140666045114
13,8,0.00039450455967308257
17,7,0.0003917645828524774
4,13,0.0003895926302394104
10,12,0.0003833766528635041
10,7,0.00037118868855903764
17,1,0.0003565912109846914
0,6,0.00034955816001207285
1,13,0.00033676030104251575
12,18,0.00033642266753058925
11,7,0.0003313064171253377
18,17,0.00032499824718551507
1,8,0.00031332865338831034
17,10,0.00028846375833610494
5,12,0.00028408025610809906
12,4,0.0002814041193375666
9,3,0.0002719460935660667
15,8,0.0002651015871827228
17,8,0.0002512346158614204
2,17,0.0002335903617457502
0,8,0.000225650354981434
11,4,0.0002140585511214016
8,2,0.00021355897276759128
1,3,0.00020674208743587386
6,0,0.00020248041756723567
12,10,0.00019637475174763552
6,2,0.00018492959067276105
11,2,0.00017804394116177624
10,18,0.0001727403922405779
7,9,0.0001676126989694493
6,18,0.00016071195569608565
4,15,0.0001581822102224295
2,1,0.00015582533970842638
18,0,0.00015299909417762492
3,5,0.00014262801747527698
4,12,0.00014045144023766554
7,8,0.0001371955248524459
7,15,0.00013621725321460998
4,9,0.00013200815918168463
2,10,0.00012976793809529874
17,0,0.00012966960051838394
4,6,0.00012169823641043631
13,12,0.00011977043263003417
4,7,0.00010387808130782328
16,3,0.0001006372335202177
10,4,7.55290205626119e-05
4,10,6.620922173802835e-05
0,5,5.301946883490283e-05
2,6,4.3702977952086997e-05
5,6,4.257391140387312e-05
9,10,4.067196416435159e-05
4,8,3.9070017004490254e-05
2,18,3.78195457995667e-05
9,15,3.4182018445322315e-05
16,12,3.1295614351889434e-05
16,8,2.0168718182507483e-05
5,3,1.896785045241156e-05
7,3,1.7718361227159196e-05
16,5,1.6126498373680853e-05
1,18,1.5153713102886157e-05
0,9,1.5008215823258952e-05
16,10,9.142378683407726e-06
15,4,3.8773291440447055e-06
5,4,3.6344566764351383e-06
16,7,-1.3355273785958799e-05
10,17,-1.6094905166547102e-05
16,6,-1.6562254653587627e-05
18,10,-2.0358457583607992e-05
12,9,-2.198151769311485e-05
3,0,-2.670805932022957e-05
18,8,-3.472131166171871e-05
6,8,-3.59855726869418e-05
1,12,-4.002903280991843e-05
9,12,-4.5525434569926304e-05
9,7,-5.027044153971261e-05
12,8,-5.995536330155593e-05
15,7,-6.106748243270288e-05
16,9,-6.440971956353514e-05
2,8,-7.672771443831272e-05
5,1,-8.205283751072656e-05
15,9,-8.364765025425935e-05
6,15,-8.665056352288869e-05
3,7,-8.67892007485882e-05
12,3,-8.855810074948067e-05
0,4,-8.900490856750265e-05
2,4,-9.010926985041079e-05
16,0,-9.049671045430197e-05
1,17,-9.068054658417646e-05
16,15,-0.00010012028222236569
16,4,-0.00010036537011755275
16,13,-0.00010369865139636669
8,11,-0.0001037860129279311
1,4,-0.00010812960457133591
3,1,-0.00011399317194327185
17,9,-0.00011613824192213684
8,17,-0.00011700414211260335
16,11,-0.00011734775421490262
8,15,-0.00012245871523000607
1,10,-0.00012406591764921315
2,12,-0.00012441275264876706
16,18,-0.00012499805957250087
0,7,-0.00012540194994184461
14,6,-0.0001269083130831239
16,2,-0.0001378464034646476
2,7,-0.0001403185009241914
9,4,-0.00014283490442189295
0,13,-0.00014658482654283933
7,4,-0.00014791928818184974
10,2,-0.0001512118668955953
12,7,-0.000151672662775576
2,0,-0.0001558643144784766
16,14,-0.0001675554009158975
10,3,-0.0001785173605509116
8,4,-0.00018193635476594638
2,5,-0.00018340368048225253
4,17,-0.00019222761869436278
14,0,-0.000192994259637147
9,14,-0.00019648960658608106
4,0,-0.00019742708441489176
17,6,-0.00020024411987065727
0,3,-0.00020681311803000257
6,4,-0.0002175402209741023
7,2,-0.0002214966373101923
10,6,-0.00024454549733241016
18,2,-0.0002493889023483242
1,2,-0.0002504384099486501
10,9,-0.00025045087370567654
14,4,-0.00025064258739845857
18,15,-0.00025299936919356836
8,18,-0.00026480611232025664
14,15,-0.00026783632111235245
15,0,-0.00027179049620859597
13,7,-0.000273182814199191
10,15,-0.0002772951936713397
17,4,-0.0002877745134352433
11,18,-0.000293681127125911
16,1,-0.00029532715439090085
0,10,-0.0002955330377033827
8,14,-0.00029583577397845895
11,9,-0.00029590849267865926
3,15,-0.0002969713200187407
18,14,-0.0002996696621426209
4,11,-0.0003050730169289473
4,18,-0.00031072835890008643
6,1,-0.0003171317629060977
3,9,-0.0003270520567801305
9,2,-0.0003293619932908942
9,18,-0.0003374939657082021
8,1,-0.00033871411619834646
4,3,-0.00034322174948109296
0,17,-0.0003442778356730902
18,12,-0.0003469530822158007
1,9,-0.0003587967793562963
6,7,-0.0003635993938366222
0,15,-0.0003678946039717135
16,17,-0.0003679238557899589
18,3,-0.0003723275241142576
18,5,-0.0003798098634008318
7,13,-0.00038374270133467725
2,14,-0.0003853388462529139
6,17,-0.0003956570331821174
9,1,-0.00040401391546146526
5,2,-0.00040834101105632903
1,14,-0.00042056720966282546
3,10,-0.0004325950343441187
4,5,-0.00043670724187913623
3,2,-0.00044538677266164894
6,3,-0.000445879882077338
1,7,-0.0004567954711995059
4,2,-0.00045880192414934906
2,9,-0.0004653148435448673
4,1,-0.0004665033586382372
13,10,-0.0004672034346950016
1,11,-0.00046795206184485627
0,2,-0.0004682245023464593
7,14,-0.0004694619141653589
6,10,-0.00047035162811509545
3,14,-0.000494132532400493
7,5,-0.0004950234574079282
5,16,-0.0004953469027315638
9,8,-0.0004955553093577217
13,14,-0.000496168936792607
8,3,-0.0004995943059001307
4,14,-0.0005024947807873992
0,18,-0.0005056180489039774
7,0,-0.000514631674354532
0,14,-0.0005193326182534042
18,9,-0.0005205110606973373
1,15,-0.0005212494909629661
10,8,-0.0005257536168558827
11,12,-0.0005317446618573474
3,6,-0.0005475105348928533
6,5,-0.0005484250879850272
10,13,-0.0005833400329526839
3,4,-0.000583640472847119
1,6,-0.0005893784426765636
13,0,-0.0006483861562576188
18,6,-0.000648532407253849
8,0,-0.0006538803020845474
11,0,-0.0006821090469928126
1,0,-0.000683543643821588
15,1,-0.0006837776705851395
6,14,-0.0006991483133104159
7,18,-0.0007072821731961831
11,10,-0.0007094770353933966
14,7,-0.0007198127692336076
6,9,-0.0007222372656478793
0,11,-0.0007286627371990706
18,7,-0.0007371099614074117
12,6,-0.0007605032389698119
8,9,-0.0007721672582338412
8,12,-0.0007898810124903899
14,10,-0.0008387217868904007
13,9,-0.0008389078973613517
15,10,-0.0008449877088738955
9,0,-0.0008453007632859
0,1,-0.0008523741355831449
3,18,-0.0008539420774290041
15,6,-0.0008866672662915243
17,16,-0.0008923826143746871
5,7,-0.0009022368007927106
13,2,-0.0009068979262578658
5,14,-0.0009074083001763822
10,11,-0.0009250849620376922
14,2,-0.0009706701298754505
13,5,-0.0009776468165822172
10,5,-0.0009841968787148991
14,18,-0.0009920089567193313
14,13,-0.001032709023361389
2,13,-0.0010348446231321917
11,17,-0.0010476828552290485
10,14,-0.0010728694346474055
10,0,-0.0011588256120834417
14,8,-0.001163806288766292
5,18,-0.0011755809578815057
8,6,-0.001175936162217034
12,1,-0.0011845978140497815
8,10,-0.0011936792724992207
9,6,-0.0012364720066624507
10,1,-0.0012420954253806182
17,5,-0.0012496296612007074
8,5,-0.0012629602646224147
12,16,-0.0012822614360841755
11,16,-0.0013102266977595423
7,1,-0.0013261425044391317
8,7,-0.0013414714601484856
5,10,-0.0014837397817549502
12,2,-0.0014858517829004214
11,6,-0.0014890563449706656
7,16,-0.0015245794500928778
2,16,-0.0015261736120007474
14,5,-0.00156052005176463
2,15,-0.0017071535338952781
7,6,-0.0017096298714890101
13,6,-0.001764971336561616
11,15,-0.0019219199682048993
18,1,-0.001977349028129183
14,9,-0.00203006164195646
4,16,-0.0021571555372808526
15,13,-0.0022684343667407347
5,0,-0.0023159179278097464
13,15,-0.0023165236437893977
5,9,-0.0023196926036013754
13,16,-0.0023333559102269863
14,3,-0.002373949574055345
5,13,-0.0023949358724481007
6,16,-0.0024144953276852843
9,16,-0.0024501092289844206
12,0,-0.002549628874030735
17,18,-0.002566417416005176
15,3,-0.0025737231225186896
1,16,-0.0026341180941527043
6,13,-0.002670197175414224
10,16,-0.002726518385998966
5,15,-0.0027936379036170023
3,16,-0.0028052708715842756
8,13,-0.0028903260147378207
7,11,-0.0029388822260776326
14,16,-0.003384658322933165
2,11,-0.003396634297365808
15,16,-0.0035478876533525106
2,3,-0.003690058567103749
8,16,-0.003997812694363223
18,11,-0.004049807989224663
6,11,-0.004204653638355982
0,16,-0.005225932415263368
18,16,-0.005651515499179083
