source_roi,target_roi,empirical_mi_change
12,11,0.0437304803594184
2,10,0.024948489882389735
11,5,0.02454510972519408
11,17,0.02038895177386002
10,17,0.017105732472736446
8,18,0.01692972274540805
13,0,0.016903949033747645
10,16,0.016834258137737423
3,17,0.01591058844635007
4,9,0.015368963906907174
5,3,0.015296942531505708
11,10,0.015177301726371883
7,16,0.015175337793861599
12,14,0.015099092632602784
14,17,0.015068921438486482
13,14,0.01497940685617638
11,15,0.014937247951712918
13,18,0.014389994706111298
10,6,0.014295033739717189
2,17,0.014206221987912604
12,10,0.014170696146201367
8,16,0.014158787732106548
3,5,0.01407940347422948
15,10,0.01359842417427759
1,0,0.013405968080949238
14,12,0.013390559214404685
10,0,0.013269243528546637
16,0,0.012905515211182772
0,4,0.012488279863287433
9,10,0.012127584014313242
10,15,0.01212540728489564
15,17,0.011568865466923539
15,2,0.011445414474790194
17,8,0.01138995756585598
2,0,0.011389281973879561
5,10,0.011251389956795033
17,13,0.010860962290637821
8,9,0.010855951614926695
5,18,0.010653448499869045
17,7,0.010635834395428145
14,15,0.010596534854614093
8,0,0.010524446820336708
13,8,0.010434302758559999
3,15,0.010329432336355637
13,10,0.010192605281477918
6,18,0.010099686383191642
15,6,0.01005434453970494
17,5,0.010009620886794246
3,9,0.009950676061758978
11,7,0.009693280580776675
17,3,0.0096058907834069
15,5,0.00960282350394337
3,13,0.009290521899421922
1,17,0.009248826397596721
17,18,0.009127452623874877
1,2,0.009095743762050024
1,13,0.008840133543688067
12,15,0.008632053823693808
17,12,0.008493101064488084
7,17,0.008438055046041948
10,3,0.00839725129146196
1,10,0.00829705433527994
4,17,0.008210820563988308
17,9,0.00811504996241863
2,9,0.008065872617541603
4,18,0.00799482966414894
3,0,0.00793508138144472
11,8,0.007854949526582333
5,17,0.007851250731017556
3,10,0.007592548020177059
2,16,0.007587305911454623
5,8,0.007453308823161753
18,17,0.007424542557332714
3,7,0.0072868661624097
0,10,0.007093687519777847
5,16,0.0070246017470048105
14,3,0.007006786799140352
16,5,0.006946546376409901
8,1,0.006903902527510608
0,9,0.006787782769951789
7,0,0.006760842626168273
5,14,0.0067537856486342696
9,13,0.006753769855972203
3,1,0.006700879492556044
11,9,0.006491199605156539
8,13,0.006412438423062272
0,7,0.00638069059130103
12,3,0.006242900724239275
15,13,0.006209341467438345
12,17,0.006190230651865469
8,17,0.006129307213447843
12,13,0.006046127215445063
16,6,0.0060268959748024376
8,7,0.006023194225624473
13,9,0.005823903953314502
15,18,0.005821266826169624
18,12,0.0053759906165153915
1,3,0.0053036383661591024
15,3,0.0052888331055505056
5,12,0.005075234894956093
18,10,0.005023323349259978
7,10,0.005010570779826029
3,18,0.004970289713498832
14,13,0.004842596385556841
14,10,0.004803124435174
9,17,0.004793086873820962
12,7,0.004760078141213708
7,12,0.004758823895185338
8,12,0.004689962991397456
18,13,0.004674650300756311
13,11,0.00466514308411814
13,15,0.004661275620086225
0,2,0.0045679345218354594
7,5,0.004460676428936883
16,9,0.004424763396075948
2,13,0.004381977701629514
13,6,0.004374223394717325
5,2,0.004299986619300533
9,16,0.0042705293796476695
9,0,0.004164458275266181
14,16,0.004148264448470718
2,7,0.004085036020821997
6,17,0.0039702244015988875
0,14,0.003916907112937462
16,17,0.0038744244233125946
0,13,0.003868506529219995
4,11,0.0038463726896369455
1,18,0.0037341178323882507
6,7,0.0036484105860543625
11,18,0.0035991377657606516
0,6,0.0034821422125333457
11,13,0.0034762497839674333
2,12,0.003467203779072725
18,1,0.0033989199427553185
16,15,0.0033292107526822212
17,6,0.003265020928499729
12,6,0.003245832080727651
15,0,0.0032145161416152757
9,18,0.0030907568077134795
10,12,0.003088980938045993
4,10,0.0030067948742893424
5,0,0.0029189607950189655
17,10,0.0028821411292266896
1,9,0.002866759177280187
18,16,0.002811647105985915
1,16,0.0027439428180672243
6,16,0.002741030964214186
11,0,0.0026162677857707872
15,9,0.002575931301502188
17,14,0.0025633342264697045
16,8,0.0025438576607014762
1,15,0.0024656048939225572
18,3,0.002456949683038001
4,13,0.0024270809331806698
5,11,0.00241120869613598
8,10,0.002345006605593447
9,5,0.002300936407351517
0,17,0.002116632346539027
3,6,0.002048767220884873
10,2,0.0020344102606704717
3,2,0.0020262761914080496
3,8,0.0018868202922250332
12,8,0.0018693010803344512
0,3,0.0017661936186504912
18,8,0.001761203842966852
4,5,0.0017550874689971074
10,9,0.0017012344765763854
6,9,0.0016782626010877766
6,15,0.0015348291325614216
14,2,0.0014568306100585793
16,11,0.0014474530486371373
14,7,0.0013072578394203171
3,14,0.0012168705728161644
8,5,0.001211975590260539
0,18,0.0011321531150468855
4,1,0.0011072685993012144
13,1,0.0010567150097622324
9,2,0.0010499463957049926
8,15,0.0009457755140943602
16,13,0.0008256326889611865
10,13,0.0007677043017033647
11,4,0.00044128799670617447
13,3,0.00042001454910223224
10,18,0.00041040453864704673
9,1,0.0002603360750046413
1,14,0.00021208508238279578
15,4,0.00010243180047253553
12,2,-2.7703389699262893e-05
6,0,-0.00014901490687169172
6,1,-0.00018012351078089406
18,15,-0.0002485464734576226
1,11,-0.000281850015397489
14,1,-0.0003448420280653952
5,13,-0.0003591104998019734
2,18,-0.00040350920317294703
3,12,-0.00043190560988148885
12,9,-0.0005532214385652878
18,9,-0.0005546931573291447
0,5,-0.0005822657134411102
16,2,-0.0005832666795972941
18,4,-0.0005942607483156448
3,16,-0.000631271659681687
18,14,-0.0006409537893297124
17,0,-0.0006438226419669957
10,8,-0.0006805673593460182
13,12,-0.0007067299319351017
1,7,-0.0007484475632008047
14,11,-0.0008024209609543975
7,13,-0.0008609892129688435
16,14,-0.0008746264043743013
0,8,-0.0009035972036346984
11,14,-0.0010064658890840406
15,8,-0.0010869863391322343
10,5,-0.001153264513007124
2,5,-0.0012092788216558903
5,6,-0.001214271664767952
17,11,-0.001367110652431669
10,14,-0.0013716986306838708
7,18,-0.0014788675139230656
4,7,-0.0015854191131008943
7,6,-0.0015963365518872896
18,2,-0.001730695166761942
16,18,-0.0018175845629439524
14,18,-0.0019545897453251415
14,0,-0.002093555651659862
2,8,-0.0022144522918293164
15,12,-0.002270639146146225
1,8,-0.002289225793258909
18,7,-0.0023004157715206253
13,5,-0.002512414015857667
7,3,-0.0026101703480344574
16,12,-0.002679376611310569
18,5,-0.002819679478023085
7,4,-0.0028857453978892167
5,7,-0.0029643917524914687
6,2,-0.0030504326189895736
14,5,-0.003263723119318662
6,12,-0.0032666484258214723
18,11,-0.0032805138139597734
9,3,-0.0035118040050227117
4,14,-0.003522866086878018
4,8,-0.003592275610077411
7,14,-0.0036112266109995517
1,12,-0.0036255633809727517
2,14,-0.003666360438277394
1,5,-0.003716776428582813
17,15,-0.0038763345743847433
9,6,-0.0038855501796762892
11,2,-0.004017183885032416
18,0,-0.004135065655024639
7,9,-0.004146579012622942
9,14,-0.004161436235485594
6,10,-0.004385188457418532
10,7,-0.004439744090054487
4,3,-0.0044751719741553675
13,17,-0.004516355399507066
10,11,-0.0045611923507286045
16,3,-0.004585628185423518
7,2,-0.004613891673294956
10,4,-0.0046609390176469145
15,16,-0.004697493101129102
8,3,-0.004717355942672086
1,6,-0.004820983522704658
11,3,-0.0049740436746843475
16,10,-0.005048504810030552
15,7,-0.005075632578841971
14,4,-0.0050953212500166045
7,11,-0.005168758477127056
15,11,-0.005195055523022796
13,4,-0.005209404061179923
18,6,-0.005232330435820387
12,4,-0.005353359221958731
1,4,-0.005440423611030032
8,11,-0.005453464772072425
2,6,-0.005494611065889776
4,12,-0.005497515538022912
4,6,-0.00566683885712449
6,4,-0.005788019892250362
9,7,-0.00580393029106796
6,8,-0.005936903735940302
4,0,-0.005942909537015928
7,8,-0.00595839978632251
13,2,-0.0061520512093583
5,4,-0.006153140360726839
13,7,-0.006260430892444935
6,5,-0.006260466280599952
3,4,-0.00626694430689656
16,4,-0.006318536555588616
15,1,-0.006470076547181125
12,5,-0.006633683689624692
4,2,-0.006788177460789302
12,0,-0.0068632334695791775
9,11,-0.006908169355420157
9,12,-0.007054212509395863
16,7,-0.007054289670007319
14,9,-0.007334836509936327
17,2,-0.0073822730457142605
0,1,-0.0075167892686758275
4,16,-0.007538265552460732
0,11,-0.007587720976329648
11,16,-0.007683543728268849
4,15,-0.007795173939998734
2,4,-0.008019504910303843
6,13,-0.008029164767300534
5,9,-0.008162854880990833
6,3,-0.008191972946383741
11,6,-0.008373380380489126
17,1,-0.008428760571505656
11,12,-0.008492086972151203
14,8,-0.008516408572577516
11,1,-0.008734501032542918
16,1,-0.008838136769247495
14,6,-0.009718164493750958
8,14,-0.009916409124921088
2,3,-0.010240087414200127
7,1,-0.010396726595739203
12,16,-0.010540794923635133
2,15,-0.010998875496364358
2,11,-0.01106875794967388
13,16,-0.011156914592700962
12,18,-0.011368907528575833
0,12,-0.011802188005880176
9,15,-0.011906174512578027
12,1,-0.011980369340825359
2,1,-0.012071980266575078
8,2,-0.012146367366971944
8,4,-0.012585899942065881
7,15,-0.012714694948712357
17,4,-0.012973963700903035
0,15,-0.013404190704732422
5,15,-0.0135782807965662
0,16,-0.013616674424328679
8,6,-0.014101283541460563
15,14,-0.014357978497029578
6,14,-0.015103846706646218
3,11,-0.015219245626906686
6,11,-0.01582269445846285
17,16,-0.015883337622708882
9,4,-0.016935820627268783
10,1,-0.01814671753873709
9,8,-0.01990593630911769
5,1,-0.023522052735183818
